id,name,craft,services,area,phone,whatsapp,price,address,description,image,experience,working_hours,portfolio,verified
1,أحمد السيد علي,نجار أثاث,تصنيع غرف نوم وسفرة بالعمولة,دمياط الجديدة,01012345601,01012345601,حسب الاتفاق,شارع الصعيدي - دمياط الجديدة,متخصص في الأثاث المودرن والنيوكلاسيك أعلى جودة,https://example.com/img/1.jpg,12 سنة,09:00 ص - 09:00 م,https://example.com/p/1,true
2,محمد محمود رزق,أسترجي,تشطيب وتأستير أثاث ودهانات دوكو,الأعصر,01012345602,01012345602,تبدأ من 300 ج.م,شارع الأعصر الرئيسي - دمياط,تشطيب جميع أنواع الأخشاب بأحدث التقنيات,https://example.com/img/2.jpg,15 سنة,10:00 ص - 10:00 م,https://example.com/p/2,true
3,محمود إبراهيم عوض,أويجي,حفر أويمة يدوي وكلاسيك,شطا,01012345603,01012345603,حسب المعاينة,منطقة ورش شطا - دمياط,حفر يدوي دقيق لصالونات وغرف السفرة الكلاسيك,https://example.com/img/3.jpg,20 سنة,08:00 ص - 06:00 م,https://example.com/p/3,true
4,مصطفى حسن زاهر,منجد أثاث,تنجيد صالونات وركنات وإنتريهات,السنانية,01012345604,01012345604,تبدأ من 500 ج.م,طريق السنانية - دمياط,تنجيد أحدث الصيحات وتجديد الأثاث القديم,https://example.com/img/4.jpg,10 سنوات,09:00 ص - 08:00 م,https://example.com/p/4,true
5,حسن عبد الرحمن غانم,فني ألوميتال,تصنيع مطابخ ونوافذ ألوميتال,باب الحرس,01012345605,01012345605,حسب المتر,شارع باب الحرس - دمياط,تركيب ألوميتال وتندات ومطابخ حديثة,https://example.com/img/5.jpg,8 سنوات,09:00 ص - 09:00 م,https://example.com/p/5,false
6,إبراهيم فؤاد شلبي,سباك,تأسيس وصيانة سباكة ومحطات صررف,فارسكور,01012345606,01012345606,200 ج.م كشف صيانة,شارع المحطة - فارسكور,تأسيس سباكة حديثة وصيانة حمامات ومطابخ,https://example.com/img/6.jpg,14 سنة,08:00 ص - 10:00 م,https://example.com/p/6,true
7,طارق خليل البدري,كهربائي منازل,تأسيس شبكات كهرباء وإضاءة,الزرقا,01012345607,01012345607,250 ج.م كشف,شارع الجلاء - الزرقا,تأسيس كهرباء وليد وإضاءة مخفية حديثة,https://example.com/img/7.jpg,11 سنة,09:00 ص - 09:00 م,https://example.com/p/7,true
8,سعيد جودة منصور,نقاش دهانات,دهانات ديكورية وجبس بورد,كفر البطيخ,01012345608,01012345608,حسب المساحة,شارع السوق - كفر البطيخ,تنفيذ دهانات جوتن وقطيفة وديكورات متميزة,https://example.com/img/8.jpg,9 سنوات,08:00 ص - 07:00 م,https://example.com/p/8,false
9,خالد صبري سلامة,حداد فورفورجيه,تصنيع أبواب وشبابيك وسلالم,كفر سعد,01012345609,01012345609,حسب الوزن والطلب,شارع الجيش - كفر سعد,تتشكيل حديد فورفورجيه وحمايات ليزر,https://example.com/img/9.jpg,18 سنة,08:00 ص - 06:00 م,https://example.com/p/9,true
10,سامح عبد الفتاح,فني تكييف,تركيب وصيانة وشحن تكييفات,رأس البر,01012345610,01012345610,300 ج.م صيانة,شارع 101 - رأس البر,صيانة جميع أنواع التكييفات وشحن فريون,https://example.com/img/10.jpg,7 سنوات,10:00 ص - 10:00 م,https://example.com/p/10,true
11,علي فاروق العطفي,فني زجاج,تركيب كابينات شاور ومرايا,دمياط الجديدة,01012345611,01012345611,حسب المقاسات,المجاورة الأولى - دمياط الجديدة,تركيب زجاج سيكوريت ومرايا مضيئة,https://example.com/img/11.jpg,6 سنوات,09:00 ص - 08:00 م,https://example.com/p/11,false
12,وائل إسماعيل زكي,فني رخام,تركيب مطابخ وسلالم رخام,الأعصر,01012345612,01012345612,حسب المتر,كورنيش النيل - الأعصر,تركيب رخام وجرانيت مستورد ومحلي,https://example.com/img/12.jpg,13 سنة,08:00 ص - 06:00 م,https://example.com/p/12,true
13,صبري عبد العظيم,نجار باب وشباك,تركيب وتصنيع أ بواب وشبابيك,شطا,01012345613,01012345613,حسب القطعة,طريق دمياط بورسعيد - شطا,تصنيع أبواب شقق وأبواب داخلية خشب زان,https://example.com/img/13.jpg,16 سنة,08:00 ص - 07:00 م,https://example.com/p/13,true
14,هاني فوزي الجندي,فني جبس بورد,تركيب أسقف معلقة وجبس بورد,السنانية,01012345614,01012345614,حسب المتر,السنانية - دمياط,تصاميم حديثة لأسقف الجبس بورد والمكتبات,https://example.com/img/14.jpg,8 سنوات,09:00 ص - 07:00 م,https://example.com/p/14,true
15,شريف رجب شاهين,فني أرضيات,تركيب باركيه وسيراميك,باب الحرس,01012345615,01012345615,حسب المساحة,شارع التجاري - باب الحرس,تركيب أرضيات خشب باركيه وسيراميك وبورسلين,https://example.com/img/15.jpg,11 سنة,08:00 ص - 08:00 م,https://example.com/p/15,false
16,كريم السيد السعيد,نجار أثاث,تصنيع غرف أطفال ومطابخ خشب,دمياط الجديدة,01012345616,01012345616,حسب الطلب,المجاورة الثالثة - دمياط الجديدة,تصميم وتصنيع مطابخ وغرف أطفال حسب المقاس,https://example.com/img/16.jpg,9 سنوات,10:00 ص - 09:00 م,https://example.com/p/16,true
17,ياسر توفيق حمودة,أسترجي,تشطيب لاكيه ومط ولاكيه مغسول,فارسكور,01012345617,01012345617,حسب المعاينة,شارع البحر - فارسكور,تشطيب أثاث كلاسيك ومودرن بدهانات عالمية,https://example.com/img/17.jpg,17 سنة,09:00 ص - 07:00 م,https://example.com/p/17,true
18,رمزي عبد العزيز,أويجي,حفر وتفرغ سي إن سي ويدوي,شطا,01012345618,01012345618,حسب القطعة,المنطقة الصناعية - شطا,تفريغ خشب CNC وحفر أويما يدوية دقيقة,https://example.com/img/18.jpg,14 سنة,08:00 ص - 06:00 م,https://example.com/p/18,true
19,عمرو جابر مرسي,منجد أثاث,تنجيد كباتونيه وتجديد انتريهات,الزرقا,01012345619,01012345619,حسب العمل,الشارع الجديد - الزرقا,تنجيد كباتونيه إيطالي وتجديد الصالونات,https://example.com/img/19.jpg,12 سنة,09:00 ص - 08:00 م,https://example.com/p/19,true
20,مجدي طلعت الخولي,سباك,صيانة وتسليك مجاري وتركيب فلتر,كفر البطيخ,01012345620,01012345620,150 ج.م,وسط البلد - كفر البطيخ,صيانة سريعة للسباكة وتسليك بالضغط,https://example.com/img/20.jpg,10 سنوات,08:00 ص - 10:00 م,https://example.com/p/20,false
21,إيهاب عادل الغريب,كهربائي,تركيب لوحات توزيع وأجهزة,كفر سعد,01012345621,01012345621,حسب الخدمة,شارع بورسعيد - كفر سعد,تركيب لوحات كهرباء وصيانة أعطال منزلية,https://example.com/img/21.jpg,15 سنة,08:00 ص - 09:00 م,https://example.com/p/21,true
22,مدحت صلاح نصر,نقاش,دهانات خارجية وواجهات,رأس البر,01012345622,01012345622,حسب المشروع,شارع النيل - رأس البر,تشطيب واجهات وفيلل بدهانات مقاومة للرطوبة,https://example.com/img/22.jpg,13 سنة,08:00 ص - 06:00 م,https://example.com/p/22,true
23,هشام أنور السقا,حداد,تصنيع جمالونات وهياكل معدنية,شطا,01012345623,01012345623,حسب المشروع,المنطقة الصناعية - شطا,تصنيع جمالونات ومظلات وصيانة حدادة,https://example.com/img/23.jpg,19 سنة,07:00 ص - 05:00 م,https://example.com/p/23,true
24,أشرف حمدي حجازي,فني ألوميتال,تركيب قطاعات PVC وألوميتال,دمياط الجديدة,01012345624,01012345624,حسب المتر,المنطقة المركزية - دمياط الجديدة,تركيب نوافذ وشبابيك عازلة للصوت والحرارة,https://example.com/img/24.jpg,7 سنوات,09:00 ص - 08:00 م,https://example.com/p/24,true
25,علاء نبيل الجمال,فني تكييف,تركيب وتمديد مواسير نحاس,الأعصر,01012345625,01012345625,حسب المتر,شارع الأعصر - دمياط,تأسيس مواسير التكييف وصيانة أجهزة مركزي,https://example.com/img/25.jpg,9 سنوات,09:00 ص - 09:00 م,https://example.com/p/25,false
26,وليد بسام أبو العز,فني رخام,جلي وتلميع الرخام والبلاط,السنانية,01012345626,01012345626,حسب المساحة,السنانية - دمياط,جلي رخام بالماكينات الحديثة وتلميع بالكريستال,https://example.com/img/26.jpg,10 سنوات,08:00 ص - 07:00 م,https://example.com/p/26,true
27,عادل كمال البسيوني,نجار أثاث,تصنيع صالونات وانتريهات خشب,باب الحرس,01012345627,01012345627,حسب الموديل,شارع الشرباصي بالقرب من باب الحرس,تصنيع هياكل الصالونات الخشب الزان الأبيض,https://example.com/img/27.jpg,22 سنة,08:00 ص - 07:00 م,https://example.com/p/27,true
28,ضياء الدين فتحي,أسترجي,تشطيب بوليستر واستور بالقطنة,الأعصر,01012345628,01012345628,حسب الغرفة,الأعصر - دمياط,تشطيب غرف نوم وسفرة بوليستر عالي الجودة,https://example.com/img/28.jpg,14 سنة,09:00 ص - 08:00 م,https://example.com/p/28,true
29,تامر عصام العاصي,فني زجاج,تركيب مرايات ديكور وزجاج فاميه,فارسكور,01012345629,01012345629,حسب المعاينة,طريق فارسكور - دمياط,تفصيل مرايات ديكورية وزجاج طاولات,https://example.com/img/29.jpg,8 سنوات,09:00 ص - 08:00 م,https://example.com/p/29,false
30,باسم سمير البشبيشي,فني جبس بورد,تركيب بياض وجبس بلدي ومعلق,الزرقا,01012345630,01012345630,حسب المتر,شارع الجمهورية - الزرقا,تنفيذ أعمال الجبس البلدي والحديث للأسقف,https://example.com/img/30.jpg,11 سنة,08:00 ص - 06:00 م,https://example.com/p/30,true
31,زياد محسن زاهر,سباك,تركيب طلمبات ومحطات رفع مياه,كفر سعد,01012345631,01012345631,200 ج.م,الشارع الرئيسي - كفر سعد,تركيب وصيانة موتورات المياه وشبكات التغذية,https://example.com/img/31.jpg,9 سنوات,08:00 ص - 08:00 م,https://example.com/p/31,true
32,عصام شعبان عيسى,كهربائي,صيانة أجهزة منزلية وكهرباء,كفر البطيخ,01012345632,01012345632,150 ج.م كشف,كفر البطيخ - دمياط,إصلاح أعطال الكهرباء المنزلية واللوحات,https://example.com/img/32.jpg,13 سنة,09:00 ص - 10:00 م,https://example.com/p/32,false
33,حمادة متولي قاسم,نقاش,دهانات أستر ومقنو,شطا,01012345633,01012345633,حسب المعاينة,منطقة الورش - شطا,دهانات وتعتيق خشب وغرف نوم كلاسيك,https://example.com/img/33.jpg,16 سنة,08:00 ص - 06:00 م,https://example.com/p/33,true
34,رامي ممدوح عبده,حداد,تركيب كريتال وأبواب حديد,السنانية,01012345634,01012345634,حسب القطعة,السنانية - دمياط,تصنيع بوابات كريتال وسلالم طوارئ,https://example.com/img/34.jpg,10 سنوات,08:00 ص - 07:00 م,https://example.com/p/34,true
35,أسامة عبد السلام,منجد,تنجيد مراتب وسراير كباتونيه,دمياط الجديدة,01012345635,01012345635,حسب المقاس,المجاورة الثانية - دمياط الجديدة,تنجيد سراير مودرن ومراتب إسفنج مضغوط,https://example.com/img/35.jpg,7 سنوات,09:00 ص - 09:00 م,https://example.com/p/35,true
36,بدر الدين شعبان,فني ألوميتال,تركيب مطابخ خشمونيوم,الأعصر,01012345636,01012345636,حسب المتر,الأعصر - دمياط,تصنيع مطابخ خشمونيوم وألوميتال مودرن,https://example.com/img/36.jpg,12 سنة,09:00 ص - 08:00 م,https://example.com/p/36,false
37,حمدي عبد الحليم,أويجي,حفر تابلوهات وبركوزات خشب,باب الحرس,01012345637,01012345637,حسب القطعة,شارع الشرباصي - باب الحرس,حفر تابلوهات وإطارات مرايا أويمة يدوية,https://example.com/img/37.jpg,25 سنة,08:00 ص - 05:00 م,https://example.com/p/37,true
38,كمال فتح الله غيث,فني تكييف,صيانة وتنظيف كونسيلد وسبليت,رأس البر,01012345638,01012345638,250 ج.م,شارع 63 - رأس البر,غسيل وصيانة تكييفات وحدات خارجية وداخلية,https://example.com/img/38.jpg,8 سنوات,10:00 ص - 10:00 م,https://example.com/p/38,true
39,أسامة رفعت سليمان,نجار أثاث,تصنيع مكتبات ووحدات تلفزيون,دمياط الجديدة,01012345639,01012345639,حسب التصميم,المنطقة الصناعية - دمياط الجديدة,تصنيع وحدات تلفزيون ومكتبات مودرن بالطلب,https://example.com/img/39.jpg,11 سنة,09:00 ص - 08:00 م,https://example.com/p/39,true
40,وائل ماهر جاد,سباك,تأسيس شبكات تغذية وصرف صحي,فارسكور,01012345640,01012345640,حسب المتر,فارسكور - دمياط,تأسيس سباكة بضمان واختبار ضغط المياه,https://example.com/img/40.jpg,17 سنة,08:00 ص - 07:00 م,https://example.com/p/40,true
41,بيومي مصطفى الشناوي,كهربائي,تركيب كاميرات مراقبة وإنتركم,الزرقا,01012345641,01012345641,حسب النظام,شارع بورسعيد - الزرقا,تركيب أنظمة مراقبة وإنتركم وشبكات نت,https://example.com/img/41.jpg,6 سنوات,09:00 ص - 09:00 م,https://example.com/p/41,false
42,جلال عيد الهادي,نقاش,ورق حائط ودهانات 3D,كفر سعد,01012345642,01012345642,حسب الرول والمساحة,كفر سعد - دمياط,تركيب ورق حائط ثلاثي الأبعاد ودهانات حديثة,https://example.com/img/42.jpg,9 سنوات,08:00 ص - 08:00 م,https://example.com/p/42,true
43,زكريا عاطف نوار,أسترجي,تجديد ودهان الأثاث القديم,السنانية,01012345643,01012345643,حسب المعاينة,السنانية - دمياط,تجديد الصالونات وغرف النوم وتغيير ألوانها,https://example.com/img/43.jpg,18 سنة,08:00 ص - 06:00 م,https://example.com/p/43,true
44,صابر عبد الغني,حداد,تصنيع مظلات وسواتر حديد,شطا,01012345644,01012345644,حسب المساحة,المنطقة الصناعية - شطا,تصنيع مظلات للسيارات وسواتر أمان للمباني,https://example.com/img/44.jpg,13 سنة,07:00 ص - 05:00 م,https://example.com/p/44,false
45,صلاح عبد الصمد,فني أرضيات,تركيب سيراميك وبلاط متداخل,كفر البطيخ,01012345645,01012345645,حسب المتر,كفر البطيخ - دمياط,تركيب جميع أنواع السيراميك والإنترلوك,https://example.com/img/45.jpg,15 سنة,08:00 ص - 06:00 م,https://example.com/p/45,true
46,عبد الله فوزي,فني زجاج,تركيب واجهات زجاجية وسيكوريت,دمياط الجديدة,01012345646,01012345646,حسب المتر,المركز التجاري - دمياط الجديدة,تركيب واجهات محلات ومكاتب زجاج سيكوريت,https://example.com/img/46.jpg,10 سنوات,09:00 ص - 08:00 م,https://example.com/p/46,true
47,فتحي ماهر الخياط,منجد أثاث,تنجيد كافيهات ومطاعم,رأس البر,01012345647,01012345647,حسب المشروع,شارع الشاطئ - رأس البر,تنجيد جلسات عربية وكافيهات ومطاعم,https://example.com/img/47.jpg,12 سنة,09:00 ص - 09:00 م,https://example.com/p/47,true
48,ماهر شوقي البرنس,فني رخام,تركيب أحواض ومطابخ رخام,الأعصر,01012345648,01012345648,حسب العمل,شارع البحر - الأعصر,تصنيع وتركيب أحواض ومطابخ رخام حديثة,https://example.com/img/48.jpg,14 سنة,08:00 ص - 07:00 م,https://example.com/p/48,false
49,نبيل جابر زكي,نجار باب وشباك,تركيب وتعديل كوالين وأبواب,باب الحرس,01012345649,01012345649,150 ج.م زيارة,باب الحرس - دمياط,صيانة وتعديل الأبواب والشبابيك الخشبية,https://example.com/img/49.jpg,20 سنة,08:00 ص - 09:00 م,https://example.com/p/49,true
50,ياسين حامد داود,فني ألوميتال,صيانة مطابخ وشبابيك ألوميتال,فارسكور,01012345650,01012345650,150 ج.م صيانة,فارسكور - دمياط,صيانة أكسسوارات الألوميتال وتغيير العجل والمقابض,https://example.com/img/50.jpg,8 سنوات,09:00 ص - 08:00 م,https://example.com/p/50,true